"term","contrast","null.value","estimate","conf.low","conf.high","adj.p.value"
"especie","Barbijo-Adelia",0,5.72078968573729,3.41436427199152,8.02721509948305,3.75417916753662e-08
"especie","Papúa-Adelia",0,27.1325543916196,25.1923993318655,29.0727094513738,5.81867887206045e-13
"especie","Papúa-Barbijo",0,21.4117647058823,19.023643975677,23.7998854360877,5.81867887206045e-13
